Series Name,Series Code,Country Name,Country Code,2000 [YR2000],2001 [YR2001],2002 [YR2002],2003 [YR2003],2004 [YR2004],2005 [YR2005],2006 [YR2006],2007 [YR2007],2008 [YR2008],2009 [YR2009],2010 [YR2010],2011 [YR2011],2012 [YR2012],2013 [YR2013],2014 [YR2014],2015 [YR2015],2016 [YR2016],2017 [YR2017],2018 [YR2018],2019 [YR2019],2020 [YR2020],2021 [YR2021],2022 [YR2022]
Expected years of schooling,SE.SCH.LIFE,Afghanistan,AFG,..,..,..,6.73240995407104,7.60043001174927,..,..,..,..,8.88842964172363,..,9.47319030761719,..,..,10.4646797180176,..,..,..,10.537859916687,..,..,..,..
Expected years of schooling,SE.SCH.LIFE,Albania,ALB,10.7004899978638,10.9176397323608,11.0205602645874,11.3757495880127,11.500940322876,12.2344799041748,12.5542602539062,12.9734601974487,13.1751003265381,13.3601999282837,14.1717700958252,15.0017795562744,15.7657098770142,15.9963102340698,16.2433204650879,15.9122400283813,15.4494199752808,15.3259401321411,15.1078300476074,15.1776103973389,14.7597198486328,14.5717496871948,14.4874696731567
Expected years of schooling,SE.SCH.LIFE,Algeria,DZA,..,11.4606599807739,11.8680696487427,12.1388301849365,12.4739799499512,12.7207899093628,12.8114204406738,12.9895000457764,..,13.8797702789307,14.2380800247192,14.4666795730591,..,..,..,..,..,..,..,..,..,..,15.4878797531128
Expected years of schooling,SE.SCH.LIFE,American Samoa,ASM,..,..,..,..,..,..,..,..,..,..,..,..,..,..,..,..,..,..,..,..,..,..,..
Expected years of schooling,SE.SCH.LIFE,Andorra,AND,..,..,10.7541999816895,10.597149848938,10.4609899520874,10.4863195419312,10.6584796905518,..,11.8860101699829,..,..,..,12.7380800247192,11.5037202835083,11.608039855957,11.8018503189087,11.9706401824951,11.9225902557373,11.9275102615356,11.9263095855713,11.9119300842285,11.9877099990845,12.7837800979614
Expected years of schooling,SE.SCH.LIFE,Angola,AGO,..,..,..,..,..,..,..,..,..,..,9.09162044525146,10.0728197097778,..,..,..,..,..,..,..,..,..,..,..
Expected years of schooling,SE.SCH.LIFE,Antigua and Barbuda,ATG,..,..,..,..,..,..,..,15.639760017395,..,15.4905195236206,15.583869934082,15.3087997436523,15.5871601104736,..,..,..,..,..,..,..,..,..,..
Expected years of schooling,SE.SCH.LIFE,Argentina,ARG,15.6875696182251,16.3057804107666,16.3925094604492,16.2663898468018,16.2989807128906,16.0184593200684,16.1737308502197,16.1890602111816,16.3818092346191,16.7100296020508,17.0287799835205,17.2637195587158,17.2353591918945,17.233959197998,17.4223194122314,17.584659576416,17.8577308654785,17.8429698944092,17.8578205108643,18.0863704681396,18.3611602783203,18.9795093536377,..
Expected years of schooling,SE.SCH.LIFE,Armenia,ARM,10.7248201370239,10.5056104660034,..,..,10.6284599304199,10.8807697296143,11.3353395462036,11.9283895492554,11.6970195770264,12.2315797805786,12.4260196685791,12.5557403564453,..,12.8013601303101,13.0781097412109,13.1324901580811,..,..,13.8214702606201,13.9989204406738,14.0779695510864,14.4303798675537,14.4056100845337
Expected years of schooling,SE.SCH.LIFE,Aruba,ABW,12.9763803482056,13.0010995864868,13.4180002212524,13.5089702606201,13.7069501876831,14.0504598617554,14.4038696289062,14.7283096313477,14.0057697296143,13.933030128479,13.6333799362183,13.3382997512817,14.044659614563,..,..,..,..,..,..,..,..,..,..
Expected years of schooling,SE.SCH.LIFE,Australia,AUS,..,..,..,..,..,..,..,..,..,..,..,..,..,..,..,23.2476806640625,22.8563499450684,21.9510402679443,20.4284992218018,21.3756198883057,20.9394397735596,21.080020904541,..
Expected years of schooling,SE.SCH.LIFE,Austria,AUT,..,..,..,..,..,..,..,15.7580099105835,15.8611497879028,15.8668699264526,16.1293392181396,16.1731300354004,16.304500579834,16.0370407104492,16.0222492218018,16.033130645752,15.8967599868774,15.9442100524902,16.0219097137451,16.0762500762939,16.1244697570801,16.3674602508545,..
Expected years of schooling,SE.SCH.LIFE,Azerbaijan,AZE,..,..,..,..,..,..,..,..,..,..,..,..,..,..,..,..,..,..,13.3192901611328,13.481240272522,12.6320400238037,12.6777000427246,12.7106304168701
Expected years of schooling,SE.SCH.LIFE,"Bahamas, The",BHS,..,..,..,..,..,..,..,..,..,..,..,..,..,..,..,..,..,..,..,..,..,..,..
Expected years of schooling,SE.SCH.LIFE,Bahrain,BHR,..,..,..,12.9803800582886,..,12.1515798568726,12.4068899154663,..,..,..,..,13.6351003646851,14.045880317688,14.6626501083374,14.4470596313477,16.0687999725342,16.0470199584961,16.061580657959,16.0651092529297,16.4370002746582,..,..,16.2996807098389
Expected years of schooling,SE.SCH.LIFE,Bangladesh,BGD,..,..,..,..,..,8.57944011688232,8.65802001953125,8.66993999481201,8.41137027740479,8.94882965087891,..,..,..,..,..,..,..,10.9198904037476,11.3991899490356,..,11.9463300704956,..,..
Expected years of schooling,SE.SCH.LIFE,Barbados,BRB,14.2673501968384,14.3635301589966,..,..,..,..,..,15.4075899124146,..,15.9811000823975,15.7196702957153,15.6801500320435,..,..,..,..,..,..,..,..,..,..,..
Expected years of schooling,SE.SCH.LIFE,Belarus,BLR,..,..,..,..,..,..,..,..,15.4284296035767,15.5183000564575,15.5522403717041,15.6952295303345,15.7757396697998,15.5780801773071,15.4136800765991,15.2638502120972,15.1887302398682,15.0054502487183,14.6717100143433,14.400110244751,14.2648401260376,14.1945600509644,13.9815301895142
Expected years of schooling,SE.SCH.LIFE,Belgium,BEL,17.7713108062744,18.309850692749,18.4828491210938,18.7029209136963,18.4807090759277,18.8353099822998,19.0540790557861,19.0991191864014,19.1372604370117,19.1660404205322,19.217679977417,19.0488796234131,19.1601009368896,19.350959777832,19.7077693939209,19.7919597625732,19.656909942627,19.7610206604004,19.5614891052246,19.5683898925781,19.2752704620361,18.9457397460938,..
Expected years of schooling,SE.SCH.LIFE,Belize,BLZ,..,12.0818996429443,..,12.8497400283813,13.1324501037598,12.5767097473145,13.0526695251465,12.9525098800659,12.8324003219604,12.4942102432251,12.3989896774292,12.4910097122192,12.9405202865601,12.8224296569824,12.8107099533081,12.8731899261475,13.5308198928833,13.2489900588989,13.3001403808594,13.3160200119019,13.1699304580688,12.869930267334,12.4265699386597
Expected years of schooling,SE.SCH.LIFE,Benin,BEN,6.51671981811523,7.11894989013672,7.58084011077881,7.98603010177612,8.37691974639893,..,..,..,..,..,..,11.0756797790527,..,12.1063404083252,12.1254997253418,12.3469104766846,12.1642503738403,..,..,..,10.3025798797607,..,..
Expected years of schooling,SE.SCH.LIFE,Bermuda,BMU,..,..,..,..,..,..,14.3727397918701,..,..,..,14.9285898208618,14.5987596511841,14.4414100646973,14.561240196228,14.0900402069092,14.1389198303223,..,..,..,..,..,..,..
Expected years of schooling,SE.SCH.LIFE,Bhutan,BTN,..,..,..,..,..,9.37959957122803,9.864990234375,10.3724899291992,10.7323703765869,11.3269395828247,11.8022403717041,12.2089996337891,12.5483102798462,12.4630899429321,..,..,..,..,12.889760017395,..,..,..,..
Expected years of schooling,SE.SCH.LIFE,Bolivia,BOL,..,..,..,..,..,..,..,..,..,..,..,..,..,..,..,..,..,..,..,..,..,..,..
Expected years of schooling,SE.SCH.LIFE,Bosnia and Herzegovina,BIH,..,..,..,..,..,..,..,12.4582004547119,12.8328399658203,12.9189100265503,12.9513301849365,13.1847295761108,13.3715295791626,13.6165895462036,13.6459999084473,13.6253204345703,13.6243801116943,13.6274700164795,13.5777797698975,13.4408702850342,13.2550897598267,13.2767601013184,13.2770595550537
Expected years of schooling,SE.SCH.LIFE,Botswana,BWA,11.7439498901367,11.7259302139282,11.5373802185059,11.5905199050903,11.6026697158813,11.6691102981567,11.8351097106934,11.7994604110718,11.7297296524048,..,..,..,..,..,..,..,..,..,..,..,..,11.4256801605225,..
Expected years of schooling,SE.SCH.LIFE,Brazil,BRA,..,..,..,..,..,..,..,..,..,..,..,..,13.9528999328613,15.245189666748,15.3681402206421,15.245400428772,15.2943201065063,15.4070196151733,15.5037603378296,15.4493703842163,15.4459600448608,15.578800201416,..
Expected years of schooling,SE.SCH.LIFE,British Virgin Islands,VGB,15.3027801513672,14.7084102630615,14.7739896774292,..,16.4300098419189,..,..,..,..,16.1921501159668,..,..,..,..,..,15.0382404327393,15.1596698760986,..,..,..,..,17.0079803466797,13.752329826355
Expected years of schooling,SE.SCH.LIFE,Brunei Darussalam,BRN,11.5323400497437,11.6316003799438,11.8507795333862,12.2215795516968,12.6089401245117,12.8877897262573,13.2553100585938,13.4267196655273,13.5385503768921,13.8031301498413,13.8739900588989,14.1947402954102,14.7484998703003,14.7433004379272,14.6354303359985,14.3363199234009,14.2123699188232,14.0684499740601,13.9405298233032,13.7607803344727,13.6986198425293,..,..
Expected years of schooling,SE.SCH.LIFE,Bulgaria,BGR,12.805230140686,12.7955703735352,13.1998300552368,13.6648902893066,13.8714199066162,14.0201101303101,14.0842399597168,14.250470161438,14.1834497451782,14.2339200973511,14.4836702346802,14.5866804122925,14.5693998336792,14.9589595794678,15.1737604141235,15.0786199569702,14.8292999267578,14.6451997756958,14.4972496032715,14.2541704177856,14.0366697311401,13.8680295944214,..
Expected years of schooling,SE.SCH.LIFE,Burkina Faso,BFA,..,3.45155000686646,..,3.76265001296997,..,4.50052976608276,4.77875995635986,5.23092985153198,5.70442008972168,6.13149976730347,6.55733013153076,7.00334978103638,7.30013990402222,7.54400014877319,7.6760401725769,8.03804016113281,8.26721954345703,8.61546039581299,8.94793033599854,8.91368007659912,8.7778902053833,8.7333402633667,8.09156036376953
Expected years of schooling,SE.SCH.LIFE,Burundi,BDI,..,4.6168999671936,5.0574197769165,..,5.98983001708984,6.36911010742188,7.85530996322632,8.63090991973877,..,10.0502500534058,10.5172595977783,..,10.8806600570679,10.9970798492432,11.1287298202515,11.1534996032715,11.116379737854,10.4818496704102,10.2460403442383,..,..,..,..
Expected years of schooling,SE.SCH.LIFE,Cabo Verde,CPV,10.8915700912476,10.8199501037598,11.1789703369141,11.1934995651245,11.1114101409912,11.2541303634644,11.9633798599243,11.8509902954102,12.0165500640869,12.0669097900391,12.3102102279663,12.4787702560425,12.408670425415,12.7447500228882,12.6233596801758,12.3434600830078,12.2686100006104,12.1157102584839,11.8648900985718,..,..,..,..
Expected years of schooling,SE.SCH.LIFE,Cambodia,KHM,7.9584698677063,8.59488010406494,9.77779960632324,10.3260803222656,10.8448896408081,..,11.1613397598267,11.1642799377441,11.0558099746704,..,..,..,..,..,..,..,..,..,..,..,..,..,..
Expected years of schooling,SE.SCH.LIFE,Cameroon,CMR,7.39388990402222,8.67166996002197,8.40380001068115,8.55624008178711,8.60836982727051,8.56779003143311,8.32190036773682,9.09265995025635,9.529709815979,10.0040502548218,..,10.7405099868774,11.3287401199341,..,11.935640335083,12.2061004638672,12.1307601928711,..,..,..,..,..,..
Expected years of schooling,SE.SCH.LIFE,Canada,CAN,15.7591896057129,..,..,..,..,..,..,15.2014102935791,15.2363595962524,15.3101596832275,15.1774101257324,15.2426204681396,15.7265596389771,15.8269901275635,15.875599861145,15.9526901245117,15.9334001541138,15.9988603591919,15.9341096878052,15.9333400726318,15.9446697235107,15.9606504440308,..
Expected years of schooling,SE.SCH.LIFE,Cayman Islands,CYM,13.1377000808716,12.694450378418,12.3406801223755,..,..,..,12.075309753418,12.7224197387695,13.3445596694946,..,..,..,..,..,..,..,..,..,..,..,..,..,..
Expected years of schooling,SE.SCH.LIFE,Central African Republic,CAF,..,..,..,..,..,..,..,..,..,5.82615995407104,..,6.20998001098633,6.19063997268677,..,..,..,..,..,..,..,..,..,..
Expected years of schooling,SE.SCH.LIFE,Chad,TCD,4.8950400352478,5.1853199005127,5.48451995849609,5.6341700553894,5.70568990707397,5.54540014266968,..,..,6.34052991867065,6.76913022994995,6.77159023284912,7.39041996002197,..,..,7.97065019607544,7.42119979858398,..,..,..,..,..,..,..
Expected years of schooling,SE.SCH.LIFE,Channel Islands,CHI,..,..,..,..,..,..,..,..,..,..,..,..,..,..,..,..,..,..,..,..,..,..,..
Expected years of schooling,SE.SCH.LIFE,Chile,CHL,13.1362600326538,..,13.5259504318237,13.7468004226685,14.0682802200317,14.3813199996948,14.3181495666504,14.702130317688,14.8570804595947,14.8820400238037,15.0984296798706,15.3111600875854,15.4131698608398,16.1061992645264,16.2606296539307,16.3920097351074,16.4954299926758,16.5334892272949,16.6062107086182,16.6435794830322,16.3404998779297,16.7679290771484,..
Expected years of schooling,SE.SCH.LIFE,China,CHN,..,10.1604604721069,..,..,..,..,11.8905401229858,12.2032899856567,12.5194797515869,12.8525295257568,13.0431995391846,13.157790184021,13.2835702896118,..,..,..,..,..,..,..,..,..,..
Expected years of schooling,SE.SCH.LIFE,Colombia,COL,12.1544504165649,..,12.157919883728,..,12.6560001373291,13.178879737854,13.5244102478027,13.7896499633789,13.9930000305176,14.4390897750854,14.4138603210449,14.5003204345703,14.180100440979,14.7003602981567,14.6021795272827,14.6452798843384,14.7660903930664,14.7361698150635,14.6286401748657,14.5238800048828,14.3924798965454,14.4374904632568,..
Expected years of schooling,SE.SCH.LIFE,Comoros,COM,..,..,..,9.02840042114258,..,..,..,..,..,..,..,..,..,11.5170097351074,11.5980501174927,..,..,..,..,..,..,..,..
Expected years of schooling,SE.SCH.LIFE,"Congo, Dem. Rep.",COD,..,..,..,..,..,..,..,7.47482013702393,8.19768047332764,8.35258960723877,..,9.02892971038818,8.89278984069824,9.14515972137451,..,..,..,..,..,..,..,..,..
Expected years of schooling,SE.SCH.LIFE,"Congo, Rep.",COG,..,..,8.80060958862305,8.58918952941895,..,..,..,..,..,..,..,..,10.4832496643066,..,..,..,..,..,..,..,..,..,..
Expected years of schooling,SE.SCH.LIFE,Costa Rica,CRI,..,..,..,..,12.0689401626587,..,..,..,..,..,..,13.9671897888184,14.1341199874878,14.339469909668,14.6349096298218,14.6930503845215,14.8176603317261,15.0627899169922,15.2284202575684,15.8384304046631,..,..,..
Expected years of schooling,SE.SCH.LIFE,Cote d'Ivoire,CIV,..,..,..,..,..,..,..,..,..,..,..,..,..,..,8.28372955322266,8.54782962799072,9.0726900100708,9.47416019439697,..,9.92158031463623,10.1016502380371,..,..
Expected years of schooling,SE.SCH.LIFE,Croatia,HRV,..,13.5404195785522,13.6632699966431,13.8674802780151,..,14.3437595367432,14.4746398925781,14.5503101348877,14.4947099685669,14.4538898468018,14.6962995529175,14.8181200027466,14.9853897094727,15.2836198806763,15.3578300476074,15.3152198791504,15.311900138855,15.4046401977539,15.4580297470093,15.462420463562,15.4855098724365,15.572699546814,..
Expected years of schooling,SE.SCH.LIFE,Cuba,CUB,12.4450998306274,12.7187700271606,13.0506000518799,13.4489603042603,14.3875198364258,14.8090600967407,16.060640335083,17.0396595001221,17.5237808227539,17.2963600158691,16.2703704833984,15.4976196289062,14.6152696609497,13.9876403808594,14.0495100021362,13.8578901290894,13.864109992981,14.0661001205444,14.2010402679443,14.3487195968628,14.4260301589966,14.4693002700806,..
Expected years of schooling,SE.SCH.LIFE,Curacao,CUW,..,..,..,..,..,..,..,..,..,..,..,..,..,18.482400894165,..,..,..,..,..,..,..,..,..
Expected years of schooling,SE.SCH.LIFE,Cyprus,CYP,12.4038000106812,12.506609916687,12.971830368042,13.3430004119873,13.4636297225952,13.361780166626,13.3921899795532,13.441029548645,13.6665802001953,14.0283002853394,13.9924297332764,13.9419097900391,13.9565000534058,14.1801795959473,14.4615802764893,14.8283100128174,15.033579826355,15.5093898773193,15.695650100708,16.0143795013428,16.2281703948975,16.2430896759033,..
Expected years of schooling,SE.SCH.LIFE,Czechia,CZE,14.0214796066284,14.466139793396,14.8226099014282,15.1632299423218,14.9958000183105,15.2525901794434,15.3835601806641,15.6381101608276,15.6799001693726,15.9990797042847,16.2160301208496,16.3634700775146,16.3550205230713,16.8570308685303,16.9613609313965,16.9547004699707,16.7860908508301,16.6781406402588,16.1239891052246,16.1034393310547,16.1389904022217,16.3472805023193,..
Expected years of schooling,SE.SCH.LIFE,Denmark,DNK,16.2028694152832,16.5471801757812,16.2043895721436,..,16.5191097259521,16.7796897888184,16.6461391448975,16.8056297302246,16.715539932251,16.7154102325439,16.8902893066406,18.3543605804443,18.6772994995117,19.1730804443359,19.2089900970459,19.2968997955322,19.039529800415,18.8243293762207,18.7217998504639,18.6201305389404,18.6403198242188,18.7740306854248,..
Expected years of schooling,SE.SCH.LIFE,Djibouti,DJI,3.05351996421814,3.43212008476257,3.57870006561279,..,4.09236001968384,4.36583995819092,4.47743988037109,4.81122016906738,5.00736999511719,5.11780023574829,..,5.51328992843628,..,..,..,..,..,..,..,..,..,..,..
Expected years of schooling,SE.SCH.LIFE,Dominica,DMA,..,..,..,..,..,..,..,..,..,..,..,..,..,..,..,..,..,..,..,..,..,..,..
Expected years of schooling,SE.SCH.LIFE,Dominican Republic,DOM,..,..,..,..,..,..,..,..,..,..,..,..,13.6422004699707,..,13.7658700942993,14.4639701843262,14.5172300338745,14.6631698608398,..,..,14.3712596893311,13.5569896697998,..
Expected years of schooling,SE.SCH.LIFE,Ecuador,ECU,..,..,..,..,..,..,..,..,..,..,..,..,15.0054197311401,14.8782796859741,..,15.13148021698,..,..,14.7250499725342,14.4673099517822,14.864839553833,..,..
Expected years of schooling,SE.SCH.LIFE,"Egypt, Arab Rep.",EGY,..,10.8609199523926,10.8871297836304,10.7325496673584,10.7825603485107,..,..,..,..,11.083930015564,11.1995801925659,11.2102298736572,11.577130317688,11.8095397949219,11.7395095825195,..,12.0353603363037,12.164870262146,12.4331703186035,..,12.9118099212646,..,..
Expected years of schooling,SE.SCH.LIFE,El Salvador,SLV,10.8973197937012,11.1041698455811,11.4443597793579,11.8441295623779,12.1620502471924,12.419810295105,12.392749786377,12.8836898803711,12.1668796539307,12.0962600708008,12.1661596298218,12.2477397918701,12.298999786377,12.4380197525024,12.2590398788452,12.0147199630737,11.7924699783325,..,..,..,..,..,..
Expected years of schooling,SE.SCH.LIFE,Equatorial Guinea,GNQ,6.09594011306763,..,..,..,..,..,..,..,..,..,..,..,..,..,..,..,..,..,..,..,..,..,..
Expected years of schooling,SE.SCH.LIFE,Eritrea,ERI,7.42146015167236,7.45749998092651,7.82126998901367,..,8.56138038635254,..,..,..,..,7.44096994400024,7.15826988220215,..,..,..,7.65594005584717,7.230299949646,..,..,..,..,..,..,..
Expected years of schooling,SE.SCH.LIFE,Estonia,EST,15.1627197265625,15.6576795578003,15.9483604431152,16.0906505584717,16.2545890808105,16.4914398193359,16.4573097229004,16.4334907531738,16.297550201416,16.3183002471924,16.5084705352783,16.6350193023682,16.6073703765869,16.4970207214355,16.269889831543,16.1210594177246,15.952919960022,15.8139600753784,15.7524795532227,15.7402896881104,15.7750997543335,15.9429798126221,..
Expected years of schooling,SE.SCH.LIFE,Eswatini,SWZ,9.55813026428223,..,9.39330959320068,..,10.0212202072144,10.315239906311,10.9575595855713,..,..,..,..,12.5175399780273,..,12.8725099563599,..,..,..,..,..,..,..,..,..
Expected years of schooling,SE.SCH.LIFE,Ethiopia,ETH,4.21819019317627,4.73060989379883,5.02295017242432,5.17848014831543,5.50718021392822,6.31497001647949,..,..,7.91379976272583,7.94059991836548,8.02184009552002,8.19871044158936,8.2681999206543,..,..,..,..,..,..,..,..,..,..
Expected years of schooling,SE.SCH.LIFE,Faroe Islands,FRO,..,..,..,..,..,..,..,..,..,..,..,..,..,..,..,..,..,..,..,..,..,..,..
Expected years of schooling,SE.SCH.LIFE,Fiji,FJI,..,..,..,12.2267999649048,12.3718795776367,..,..,..,..,..,..,..,..,..,..,..,..,..,..,..,..,..,..
Expected years of schooling,SE.SCH.LIFE,Finland,FIN,17.683349609375,17.9813594818115,18.0770893096924,18.2944393157959,17.1143398284912,17.1905498504639,17.1755199432373,17.1309394836426,17.1040496826172,16.8861598968506,17.0230693817139,17.1137504577637,17.1063003540039,19.326099395752,19.2542495727539,19.3108692169189,19.3108005523682,19.3747100830078,19.451150894165,19.0431098937988,19.0485801696777,19.2285900115967,..
Expected years of schooling,SE.SCH.LIFE,France,FRA,14.9372701644897,14.8516798019409,14.7831602096558,14.8687200546265,14.8552398681641,15.4326400756836,15.4182901382446,15.3523502349854,15.2978096008301,15.2720203399658,15.3806600570679,15.4170598983765,15.4892101287842,15.4612503051758,15.4422903060913,15.5135698318481,15.6228303909302,15.7403602600098,15.8435497283936,15.8679895401001,15.9334897994995,15.9875602722168,..
Expected years of schooling,SE.SCH.LIFE,French Polynesia,PYF,..,..,..,..,..,..,..,..,..,..,..,..,..,..,..,..,..,..,..,..,..,..,..
Expected years of schooling,SE.SCH.LIFE,Gabon,GAB,..,11.5478496551514,..,..,..,..,..,..,..,..,..,..,..,..,..,..,..,..,..,..,..,..,..
Expected years of schooling,SE.SCH.LIFE,"Gambia, The",GMB,..,..,..,..,..,..,..,..,7.5327000617981,7.53000020980835,7.47791004180908,..,..,..,..,..,..,..,..,..,..,..,..
Expected years of schooling,SE.SCH.LIFE,Georgia,GEO,12.5904903411865,12.867790222168,13.105170249939,13.3216104507446,13.5069103240967,13.76416015625,13.506950378418,13.9435901641846,13.441969871521,13.8747901916504,..,..,..,14.8386297225952,15.1625900268555,15.394359588623,15.5618295669556,15.8134202957153,16.0085601806641,16.3434505462646,16.2711296081543,16.5810794830322,16.7268295288086
Expected years of schooling,SE.SCH.LIFE,Germany,DEU,..,..,..,..,..,..,..,..,..,..,..,..,..,17.0948295593262,17.1184005737305,17.1121807098389,16.8751697540283,16.9899406433105,17.041919708252,17.2243804931641,17.225980758667,17.3433494567871,..
Expected years of schooling,SE.SCH.LIFE,Ghana,GHA,7.17249011993408,6.86294984817505,7.19402980804443,7.12720012664795,7.56692981719971,8.22177028656006,8.64507961273193,9.31163024902344,9.90968990325928,10.0155296325684,..,10.6837596893311,10.9375200271606,11.0738697052002,10.7219896316528,11.1756801605225,11.0984001159668,10.9863595962524,10.9578800201416,11.2907600402832,11.429759979248,11.5862798690796,..
Expected years of schooling,SE.SCH.LIFE,Gibraltar,GIB,13.0101499557495,15.102370262146,..,..,..,..,..,..,15.6017503738403,15.7203197479248,..,..,..,..,..,..,..,..,..,..,..,..,..
Expected years of schooling,SE.SCH.LIFE,Greece,GRC,14.7493696212769,15.111720085144,15.7582101821899,15.8767204284668,16.2489700317383,16.97878074646,17.1146202087402,16.5370998382568,..,..,17.1831798553467,17.3155403137207,17.4641609191895,17.5242404937744,17.8698997497559,..,18.4746494293213,18.8638496398926,19.1945896148682,19.663890838623,19.6738090515137,20.0263805389404,..
Expected years of schooling,SE.SCH.LIFE,Greenland,GRL,..,..,..,..,..,..,..,..,..,..,..,..,..,..,..,..,..,..,..,..,..,..,..
Expected years of schooling,SE.SCH.LIFE,Grenada,GRD,..,..,..,..,..,..,..,..,..,16.3139495849609,..,..,..,..,..,16.7765293121338,16.7224407196045,16.3837795257568,16.5922107696533,..,..,..,..
Expected years of schooling,SE.SCH.LIFE,Guam,GUM,..,..,..,..,..,..,..,..,..,..,..,..,..,..,..,..,..,..,..,..,..,..,..
Expected years of schooling,SE.SCH.LIFE,Guatemala,GTM,..,..,8.91728019714355,..,..,..,..,10.299690246582,..,10.8543996810913,11.0941200256348,11.0617704391479,10.8506898880005,10.8308897018433,10.9287900924683,10.9734401702881,..,..,..,10.7939195632935,..,..,..
Expected years of schooling,SE.SCH.LIFE,Guinea,GIN,..,..,..,..,6.62246990203857,7.10561990737915,7.58271980285645,..,8.12508964538574,..,..,8.65023040771484,8.65215969085693,..,9.11429023742676,..,..,..,..,..,..,..,..
Expected years of schooling,SE.SCH.LIFE,Guinea-Bissau,GNB,..,..,..,..,..,8.70275974273682,9.13302993774414,..,..,..,..,..,..,..,..,..,..,..,..,..,..,..,..
Expected years of schooling,SE.SCH.LIFE,Guyana,GUY,..,..,..,10.4538698196411,..,11.1902904510498,..,10.9048500061035,11.0310297012329,11.0120401382446,11.4057302474976,12.0623998641968,12.138500213623,..,..,..,..,..,..,..,..,..,..
Expected years of schooling,SE.SCH.LIFE,Haiti,HTI,..,..,..,..,..,..,..,..,..,..,..,..,..,..,..,..,..,..,..,..,..,..,..
Expected years of schooling,SE.SCH.LIFE,Honduras,HND,..,..,..,..,..,..,..,..,10.1113901138306,..,10.247540473938,..,9.91738986968994,..,..,..,..,..,..,..,..,..,..
Expected years of schooling,SE.SCH.LIFE,"Hong Kong SAR, China",HKG,..,..,..,13.7782602310181,14.0484304428101,14.2023296356201,14.2120599746704,15.0923795700073,16.2398109436035,16.4852294921875,16.3285808563232,16.4649505615234,16.5469608306885,16.5365505218506,16.6253700256348,16.5880603790283,16.5700492858887,16.7714900970459,16.8772201538086,17.2880191802979,17.7687702178955,17.7292003631592,17.8495903015137
Expected years of schooling,SE.SCH.LIFE,Hungary,HUN,14.3194999694824,14.6639995574951,15.0548696517944,15.4380702972412,15.1797800064087,15.364239692688,15.4504299163818,15.4587001800537,15.4485397338867,15.4039402008057,15.4864797592163,15.5032796859741,15.491189956665,15.8302202224731,15.58607006073,15.3183498382568,15.1503000259399,15.2466602325439,15.1695499420166,15.0303001403809,15.058349609375,15.0733003616333,..
Expected years of schooling,SE.SCH.LIFE,Iceland,ISL,17.0237102508545,17.0502395629883,17.559549331665,18.2440299987793,17.9289894104004,18.1415596008301,18.1288108825684,17.9708595275879,18.0051593780518,17.983570098877,18.5227203369141,18.7450904846191,19.1796398162842,19.7612895965576,19.7104606628418,19.3532695770264,19.0669193267822,18.7396392822266,18.5004596710205,18.2349891662598,18.2397403717041,19.1067295074463,..
Expected years of schooling,SE.SCH.LIFE,India,IND,8.23567008972168,8.24234008789062,8.41759014129639,8.99363040924072,..,..,..,9.98834991455078,10.2730197906494,10.2021198272705,10.5141696929932,..,..,11.3627395629883,..,11.814040184021,..,..,11.4043598175049,11.3515901565552,11.7244701385498,12.0097103118896,12.5837097167969
Expected years of schooling,SE.SCH.LIFE,Indonesia,IDN,10.7646102905273,10.8111600875854,10.9467000961304,11.18869972229,11.3251600265503,11.2367401123047,11.3671903610229,12.0127201080322,11.9751501083374,12.4279499053955,12.6449499130249,12.9613304138184,13.2970895767212,13.3293695449829,13.2631101608276,13.6387996673584,13.6060199737549,13.7285804748535,13.7865800857544,..,..,..,..
Expected years of schooling,SE.SCH.LIFE,"Iran, Islamic Rep.",IRN,11.7972898483276,12.1434497833252,12.1338701248169,12.2815198898315,12.0468997955322,12.0325202941895,12.3060102462769,12.4922199249268,13.0679302215576,13.2725400924683,13.4603900909424,13.9583501815796,15.3727502822876,15.2171897888184,15.1142597198486,14.8868198394775,14.5549602508545,14.4396095275879,..,..,14.1171703338623,..,..
Expected years of schooling,SE.SCH.LIFE,Iraq,IRQ,8.34033966064453,..,..,..,9.4273796081543,..,..,..,..,..,..,..,..,..,..,..,..,..,..,..,..,..,..
Expected years of schooling,SE.SCH.LIFE,Ireland,IRL,16.4296092987061,16.5628604888916,16.8060607910156,16.9821891784668,17.2402801513672,17.2391395568848,16.9706897735596,17.0137596130371,17.261869430542,17.0366592407227,..,..,..,..,18.1828193664551,..,18.7932605743408,..,..,18.9452209472656,18.8396606445312,19.1261005401611,..
Expected years of schooling,SE.SCH.LIFE,Isle of Man,IMN,..,..,..,..,..,..,..,..,..,..,..,..,..,..,..,..,..,..,..,..,..,..,..
Expected years of schooling,SE.SCH.LIFE,Israel,ISR,14.3139801025391,14.3779497146606,14.8910903930664,14.7711296081543,14.6695203781128,14.6452598571777,14.5770502090454,14.7148303985596,14.5684499740601,14.8481502532959,15.0446395874023,15.0459804534912,15.0644598007202,15.1092300415039,15.0950498580933,15.0473003387451,14.9098100662231,14.9246101379395,14.8582401275635,14.7841901779175,14.8323698043823,15.0298404693604,..
Expected years of schooling,SE.SCH.LIFE,Italy,ITA,15.0823097229004,15.4086198806763,15.6484203338623,15.9121704101562,16.0641193389893,16.1909008026123,16.3143100738525,16.3870391845703,16.3521003723145,16.2816104888916,16.2336902618408,16.3899402618408,16.1714191436768,15.9796104431152,15.9639797210693,15.9543199539185,15.9525995254517,16.1486206054688,16.2880706787109,16.379940032959,16.5309104919434,16.6580600738525,..
Expected years of schooling,SE.SCH.LIFE,Jamaica,JAM,10.1026096343994,10.8309698104858,10.9836101531982,10.3431797027588,11.6148500442505,11.8474502563477,..,..,13.6874103546143,13.7053804397583,13.2521200180054,13.3330402374268,..,12.9322395324707,..,12.8487701416016,..,..,..,..,..,..,..
Expected years of schooling,SE.SCH.LIFE,Japan,JPN,..,..,..,..,..,..,..,..,..,..,..,..,..,15.3953695297241,15.4005298614502,15.4137802124023,15.3770599365234,15.3861598968506,15.399829864502,15.4412698745728,15.45631980896,..,..
Expected years of schooling,SE.SCH.LIFE,Jordan,JOR,12.2023897171021,..,12.3093395233154,12.4459199905396,12.5538101196289,12.4128398895264,12.3800296783447,11.4909296035767,11.745400428772,..,11.5572700500488,11.5658903121948,11.9106397628784,..,..,..,..,..,..,..,..,..,..
Expected years of schooling,SE.SCH.LIFE,Kazakhstan,KAZ,12.2378997802734,..,..,..,..,..,14.647029876709,..,..,..,14.4920797348022,14.7011604309082,14.7863502502441,14.5743703842163,14.395489692688,14.1994199752808,14.1058702468872,14.2160501480103,14.3506097793579,14.5821599960327,14.8162698745728,..,..
Expected years of schooling,SE.SCH.LIFE,Kenya,KEN,8.3911600112915,8.47012996673584,8.23134994506836,..,9.37802982330322,9.42702007293701,..,10.041540145874,..,10.6147499084473,..,..,..,..,..,..,..,..,..,..,..,..,..
Expected years of schooling,SE.SCH.LIFE,Kiribati,KIR,9.8802604675293,11.1278800964355,10.9604196548462,11.7121496200562,11.507740020752,11.4859199523926,11.2114000320435,11.0530500411987,11.1837301254272,..,..,..,..,..,..,..,..,..,..,..,..,..,..
Expected years of schooling,SE.SCH.LIFE,"Korea, Dem. People's Rep.",PRK,..,..,..,..,..,..,..,..,..,..,..,..,..,..,..,..,..,..,..,..,..,..,..
Expected years of schooling,SE.SCH.LIFE,"Korea, Rep.",KOR,15.5361099243164,15.6373300552368,15.8049402236938,15.9785995483398,16.1655101776123,16.3612899780273,16.4796390533447,16.6282806396484,16.691650390625,16.7235202789307,16.794849395752,16.8399200439453,16.7577495574951,16.6844501495361,16.6156692504883,16.570140838623,16.4881706237793,16.424919128418,16.3844108581543,16.376989364624,16.3773193359375,16.5096492767334,..
Expected years of schooling,SE.SCH.LIFE,Kosovo,XKX,..,..,..,..,..,..,..,..,..,..,..,..,..,..,..,..,..,..,..,..,..,..,..
Expected years of schooling,SE.SCH.LIFE,Kuwait,KWT,..,12.3938102722168,..,13.4649600982666,13.7134399414062,..,..,..,..,..,..,..,..,..,13.7480096817017,14.6677198410034,..,..,..,..,..,..,..
Expected years of schooling,SE.SCH.LIFE,Kyrgyz Republic,KGZ,11.436840057373,11.7494697570801,11.818039894104,12.0387096405029,11.9808797836304,12.0477504730225,12.1737899780273,12.2362298965454,..,12.2272300720215,12.2268695831299,12.21994972229,12.4466104507446,12.6389598846436,12.6710300445557,12.6199903488159,12.6727895736694,12.5173397064209,12.4471397399902,12.4870300292969,12.6344604492188,12.994930267334,..
Expected years of schooling,SE.SCH.LIFE,Lao PDR,LAO,7.92590999603271,7.97665977478027,8.29675960540771,8.68212985992432,8.88086032867432,9.12312984466553,9.22511959075928,9.38208961486816,9.55333042144775,9.83057022094727,10.0477504730225,10.4534702301025,10.5255603790283,10.7800798416138,11.0399799346924,11.1738395690918,11.0975999832153,10.9528303146362,10.6336002349854,10.5066604614258,10.1874904632568,..,..
Expected years of schooling,SE.SCH.LIFE,Latvia,LVA,14.192440032959,14.8801002502441,15.3585796356201,15.7209701538086,16.1083393096924,16.4051494598389,16.4289608001709,16.32666015625,16.322380065918,15.9380397796631,15.8103303909302,15.7956895828247,15.6276197433472,16.0796203613281,16.0719299316406,16.0943393707275,16.261510848999,16.4737300872803,16.5610504150391,16.5417194366455,16.4900798797607,16.5560607910156,..
Expected years of schooling,SE.SCH.LIFE,Lebanon,LBN,..,..,..,..,..,..,..,..,..,..,..,..,..,..,..,..,..,..,..,..,..,..,..
Expected years of schooling,SE.SCH.LIFE,Lesotho,LSO,9.67057991027832,9.88677024841309,10.0722999572754,10.4716997146606,..,10.7963104248047,11.0111703872681,..,..,..,..,..,11.7708196640015,11.4127502441406,11.3564300537109,11.2011699676514,..,11.3261299133301,..,..,..,..,..
Expected years of schooling,SE.SCH.LIFE,Liberia,LBR,10.4347696304321,..,..,..,..,..,..,..,..,..,..,..,..,..,..,..,..,..,..,..,..,..,..
Expected years of schooling,SE.SCH.LIFE,Libya,LBY,..,..,16.1335906982422,15.8034896850586,..,..,..,..,..,..,..,..,..,..,..,..,..,..,..,..,..,..,..
Expected years of schooling,SE.SCH.LIFE,Liechtenstein,LIE,..,..,..,14.2413101196289,14.6559600830078,14.2768602371216,14.6439304351807,14.6926498413086,15.008810043335,14.8513603210449,14.8590202331543,15.1981000900269,15.1321201324463,..,15.0964202880859,15.0319004058838,15.083399772644,15.1861801147461,14.9360704421997,15.451319694519,15.4586296081543,15.4664001464844,..
Expected years of schooling,SE.SCH.LIFE,Lithuania,LTU,14.4992399215698,15.0901298522949,15.6314096450806,16.211519241333,16.3917102813721,16.7774600982666,17.098949432373,17.0824508666992,17.0984592437744,17.1875705718994,17.1229705810547,17.160680770874,16.9505596160889,16.8562908172607,16.6998996734619,16.6702003479004,16.7172908782959,16.8501491546631,16.7766609191895,16.4834995269775,16.3716201782227,16.399829864502,..
Expected years of schooling,SE.SCH.LIFE,Luxembourg,LUX,13.4146099090576,13.3014602661133,13.4326400756836,13.4177198410034,..,..,13.2251501083374,..,13.3385896682739,..,13.8691997528076,..,13.9802904129028,..,..,14.1149101257324,14.1672296524048,14.1018896102905,14.1449003219604,14.1877603530884,14.1994104385376,14.1970500946045,..
Expected years of schooling,SE.SCH.LIFE,"Macao SAR, China",MAC,12.4023199081421,13.6026496887207,14.7444801330566,15.3160600662231,15.0625600814819,14.5285701751709,14.2283897399902,14.4281396865845,14.4044103622437,14.8652801513672,15.2796401977539,14.8430995941162,14.510950088501,14.8655099868774,14.9919395446777,14.9652996063232,15.3724403381348,14.7702903747559,14.3194999694824,14.1975002288818,14.2491397857666,14.675669670105,15.5860204696655
Expected years of schooling,SE.SCH.LIFE,Madagascar,MDG,..,..,..,..,..,8.70024013519287,8.78221035003662,9.07205963134766,9.41753959655762,9.90752029418945,..,9.91553020477295,10.0883703231812,..,10.2028503417969,10.3136196136475,10.1376895904541,..,9.88047027587891,9.36977005004883,..,..,..
Expected years of schooling,SE.SCH.LIFE,Malawi,MWI,10.6798696517944,11.0684204101562,11.1230802536011,..,10.4684896469116,10.3240900039673,10.4053802490234,10.2425498962402,..,..,10.7326202392578,10.7828702926636,..,..,..,..,..,..,..,..,..,..,..
Expected years of schooling,SE.SCH.LIFE,Malaysia,MYS,12.3934297561646,12.3227500915527,12.247859954834,12.6255502700806,12.7093601226807,12.3419799804688,11.9438400268555,12.1744003295898,12.3671503067017,12.5536203384399,12.784930229187,12.6401796340942,12.8658599853516,13.0028095245361,13.1263198852539,13.2852802276611,13.4630298614502,13.2779703140259,13.1490697860718,13.0999402999878,12.9581499099731,12.9324703216553,..
Expected years of schooling,SE.SCH.LIFE,Maldives,MDV,11.8331298828125,11.9653100967407,11.6211595535278,12.0196695327759,..,..,..,..,..,..,..,..,..,..,..,..,..,..,..,12.1686201095581,..,..,..
Expected years of schooling,SE.SCH.LIFE,Mali,MLI,4.32781982421875,..,..,..,..,..,..,..,6.85150003433228,7.1255898475647,7.30592012405396,7.44235992431641,..,7.06734991073608,7.21882009506226,7.02615022659302,7.0738000869751,7.1155800819397,..,..,..,..,..
Expected years of schooling,SE.SCH.LIFE,Malta,MLT,14.0539102554321,14.0586500167847,14.0171604156494,14.3725900650024,14.9360904693604,14.933629989624,14.6308298110962,14.9922103881836,14.8957099914551,..,15.5583400726318,15.0519895553589,15.2660398483276,15.3956003189087,15.4149398803711,15.4905595779419,15.456130027771,15.51881980896,15.7063398361206,15.6269903182983,15.5504903793335,15.8613395690918,..
Expected years of schooling,SE.SCH.LIFE,Marshall Islands,MHL,..,..,11.1628103256226,..,..,..,..,..,..,..,..,..,..,..,..,..,..,..,..,15.5825595855713,..,..,16.3860607147217
Expected years of schooling,SE.SCH.LIFE,Mauritania,MRT,..,6.3346700668335,6.3593897819519,6.43468999862671,6.90665006637573,6.95655012130737,7.18103981018066,..,6.97367000579834,7.51641988754272,7.66547012329102,7.81597995758057,8.19248008728027,8.48503971099854,..,8.63465976715088,8.17500019073486,8.076979637146,8.51078987121582,8.72208023071289,8.05185031890869,..,..
Expected years of schooling,SE.SCH.LIFE,Mauritius,MUS,12.2465295791626,12.6393899917603,12.6909103393555,12.9298400878906,13.0304298400879,13.3569402694702,13.351300239563,13.3978595733643,13.4874200820923,13.723970413208,13.8775396347046,14.3108196258545,14.7461595535278,14.6618299484253,15.0873498916626,14.7839002609253,14.8226299285889,14.7748003005981,14.7896299362183,14.910590171814,14.6100997924805,..,..
Expected years of schooling,SE.SCH.LIFE,Mexico,MEX,11.9618501663208,11.9946899414062,12.332329750061,12.588680267334,12.6633996963501,12.7175598144531,12.8458595275879,12.9911098480225,13.1923904418945,13.2756004333496,13.4203796386719,13.4640197753906,13.7315797805786,13.9125099182129,14.0832195281982,14.2342395782471,14.6759901046753,14.8526802062988,14.9230499267578,14.945650100708,14.8231000900269,14.5052995681763,..
Expected years of schooling,SE.SCH.LIFE,"Micronesia, Fed. Sts.",FSM,..,..,..,..,..,..,..,..,..,..,..,..,..,..,..,..,..,..,..,..,..,..,..
Expected years of schooling,SE.SCH.LIFE,Moldova,MDA,11.3984699249268,11.3275499343872,11.5443296432495,11.73703956604,11.9331703186035,11.9911298751831,12.1749095916748,12.140230178833,12.0661497116089,11.9281301498413,11.8403997421265,11.8495998382568,11.8401002883911,11.8679704666138,14.0969400405884,14.06130027771,14.0790700912476,14.2919902801514,14.3883800506592,14.4725704193115,14.5395698547363,14.7698802947998,14.9059801101685
Expected years of schooling,SE.SCH.LIFE,Monaco,MCO,..,..,..,..,..,..,..,..,..,..,..,..,..,..,..,..,18.5450096130371,..,..,..,..,..,..
Expected years of schooling,SE.SCH.LIFE,Mongolia,MNG,9.16119956970215,9.92523002624512,10.3570699691772,11.1308698654175,11.7934598922729,12.6990404129028,12.9962100982666,..,..,14.126259803772,14.4475297927856,..,..,..,..,..,..,..,..,14.5102195739746,..,..,..
Expected years of schooling,SE.SCH.LIFE,Montenegro,MNE,..,..,..,11.9691495895386,12.2571802139282,12.6634798049927,13.1790199279785,13.7332096099854,14.2465600967407,14.6135902404785,14.8189897537231,15.0194997787476,15.0530300140381,..,..,15.2937898635864,14.896900177002,15.0800895690918,15.1092300415039,15.0637397766113,15.2034597396851,15.25119972229,15.0847597122192
Expected years of schooling,SE.SCH.LIFE,Morocco,MAR,8.56276988983154,8.93305015563965,9.365309715271,9.69507026672363,9.89105033874512,10.0133600234985,10.0179100036621,10.2276096343994,10.3626403808594,10.5315198898315,10.9138603210449,11.2867097854614,11.6287498474121,..,..,..,..,13.249719619751,13.4499797821045,13.7019100189209,13.9294595718384,14.0392999649048,14.5944204330444
Expected years of schooling,SE.SCH.LIFE,Mozambique,MOZ,6.01814985275269,6.49303007125854,6.95568990707397,..,7.76513004302979,8.379469871521,8.69377040863037,9.34119033813477,9.81567001342773,9.98715019226074,10.1934900283813,9.92883968353271,9.8041296005249,10.3908395767212,10.3406896591187,10.3527002334595,..,10.3646697998047,..,..,..,..,..
Expected years of schooling,SE.SCH.LIFE,Myanmar,MMR,..,7.93805980682373,..,..,..,..,..,8.68601989746094,..,..,..,..,..,..,..,..,..,..,11.5045604705811,..,..,..,..
Expected years of schooling,SE.SCH.LIFE,Namibia,NAM,..,12.0389699935913,11.7595701217651,11.8102598190308,..,11.5965099334717,11.3792495727539,..,..,..,..,..,..,..,..,..,..,..,..,..,..,..,..
Expected years of schooling,SE.SCH.LIFE,Nauru,NRU,8.63510990142822,8.71016025543213,8.25965976715088,7.89029979705811,7.93505001068115,9.55943965911865,8.99005031585693,8.16189002990723,8.87952995300293,..,..,..,..,..,..,..,..,..,..,..,..,..,..
Expected years of schooling,SE.SCH.LIFE,Nepal,NPL,8.58016967773438,8.19071960449219,8.71343994140625,8.86061000823975,..,9.29535007476807,9.87040042877197,9.96543025970459,10.3930797576904,11.0934295654297,11.8882398605347,12.36256980896,..,12.6458797454834,12.5686502456665,12.6352396011353,12.7031602859497,12.6989002227783,..,12.9399003982544,12.6445198059082,..,..
Expected years of schooling,SE.SCH.LIFE,Netherlands,NLD,16.5399894714355,16.6024799346924,16.2613906860352,16.3618507385254,16.298999786377,16.4328594207764,16.5520305633545,16.6861801147461,16.8030300140381,16.8455905914307,17.0153408050537,17.881519317627,17.9406394958496,..,..,18.2693996429443,18.1376209259033,18.4039497375488,18.3342094421387,..,18.4126205444336,18.5834808349609,..
Expected years of schooling,SE.SCH.LIFE,New Caledonia,NCL,..,..,..,..,..,..,..,..,..,..,..,..,..,..,..,..,..,..,..,..,..,..,..
Expected years of schooling,SE.SCH.LIFE,New Zealand,NZL,..,..,..,..,..,..,..,..,..,..,..,..,..,19.171199798584,19.0727996826172,18.9496994018555,17.9842205047607,18.4667797088623,18.3230895996094,19.4722805023193,19.1901206970215,19.6823406219482,..
Expected years of schooling,SE.SCH.LIFE,Nicaragua,NIC,..,..,10.6343898773193,..,..,..,..,..,..,..,..,..,..,..,..,..,..,..,..,..,..,..,..
Expected years of schooling,SE.SCH.LIFE,Niger,NER,..,..,..,2.97116994857788,3.30403995513916,3.52913999557495,3.67446994781494,3.80235004425049,4.03937005996704,4.28197002410889,4.60957002639771,4.89021015167236,5.12134981155396,..,..,5.83566999435425,6.13531017303467,6.32867002487183,..,..,..,..,..
Expected years of schooling,SE.SCH.LIFE,Nigeria,NGA,8.04578018188477,7.72738981246948,8.02812004089355,..,8.91429042816162,8.96185970306396,..,..,..,..,8.18196964263916,8.47070980072021,..,..,..,..,..,..,..,..,..,..,..
Expected years of schooling,SE.SCH.LIFE,North Macedonia,MKD,11.6211996078491,11.7098398208618,11.7065200805664,11.6855602264404,11.6523704528809,11.7628498077393,..,11.8736600875854,12.674690246582,12.5821599960327,12.5213003158569,..,12.6712102890015,12.673469543457,12.6631498336792,12.9724597930908,..,13.1811304092407,13.0456495285034,12.824049949646,12.8117799758911,13.0048303604126,..
Expected years of schooling,SE.SCH.LIFE,Northern Mariana Islands,MNP,..,..,..,..,..,..,..,..,..,..,..,..,..,..,..,..,..,..,..,..,..,..,..
Expected years of schooling,SE.SCH.LIFE,Norway,NOR,17.427490234375,17.031400680542,17.0905704498291,17.4219398498535,17.5590591430664,17.4365692138672,17.5311908721924,17.5425491333008,17.3786201477051,17.3560104370117,17.5280609130859,17.5228996276855,17.4549293518066,17.6560096740723,17.684440612793,17.7798690795898,17.9509601593018,18.0597190856934,18.1451206207275,18.2353591918945,18.3110198974609,18.6384601593018,..
Expected years of schooling,SE.SCH.LIFE,Oman,OMN,..,..,..,11.5663499832153,..,11.918270111084,12.1050300598145,12.1585702896118,12.1245698928833,13.1944904327393,..,14.9723701477051,..,14.2046403884888,..,14.1559495925903,14.1891098022461,14.0389699935913,14.0753602981567,13.9566898345947,13.2414302825928,12.9640302658081,..
Expected years of schooling,SE.SCH.LIFE,Pakistan,PAK,..,..,..,4.78955984115601,5.15583992004395,5.46304988861084,5.62622976303101,6.00566005706787,6.00464010238647,6.06787014007568,..,6.03669023513794,6.13920021057129,6.19203996658325,6.46680021286011,6.73906993865967,7.08224010467529,7.01498985290527,7.3030800819397,7.63535976409912,..,..,..
Expected years of schooling,SE.SCH.LIFE,Palau,PLW,13.7069702148438,..,..,..,..,..,..,..,..,..,..,..,..,16.5329303741455,..,..,..,..,..,..,..,..,..
Expected years of schooling,SE.SCH.LIFE,Panama,PAN,12.3334398269653,12.5354900360107,12.7262296676636,..,12.9223003387451,12.9397897720337,12.9823303222656,13.070460319519,12.8961200714111,12.869119644165,12.9360799789429,12.7667798995972,..,..,12.8148603439331,12.812159538269,13.0127296447754,..,..,..,..,..,..
Expected years of schooling,SE.SCH.LIFE,Papua New Guinea,PNG,..,..,..,..,..,..,..,..,..,..,..,..,..,..,..,..,..,..,..,..,..,..,..
Expected years of schooling,SE.SCH.LIFE,Paraguay,PRY,12.1458101272583,12.5731000900269,13.0722398757935,12.4934797286987,12.7339601516724,12.6015796661377,..,12.5249099731445,12.8046398162842,13.1995897293091,13.1777601242065,..,..,..,..,..,..,..,..,..,..,..,..
Expected years of schooling,SE.SCH.LIFE,Peru,PER,12.8150396347046,13.3044099807739,12.8208503723145,12.329270362854,12.5832595825195,12.6170597076416,12.8230104446411,..,..,..,..,..,..,..,..,..,14.7862396240234,14.4957103729248,..,..,..,..,..
Expected years of schooling,SE.SCH.LIFE,Philippines,PHL,..,11.5369100570679,11.7423095703125,11.7309904098511,11.7244100570679,11.5897903442383,11.3982601165771,..,11.5577802658081,11.3198299407959,..,..,..,..,12.4600696563721,12.612250328064,12.5833396911621,12.8182001113892,12.840950012207,13.0367603302002,12.7833595275879,..,..
Expected years of schooling,SE.SCH.LIFE,Poland,POL,14.8949499130249,15.260950088501,15.6215896606445,15.8075399398804,15.1791896820068,15.375940322876,15.3802995681763,15.3827295303345,15.3813800811768,15.4193000793457,15.7689895629883,15.6608200073242,15.7023296356201,16.5931606292725,16.206090927124,..,..,16.0542793273926,15.9291000366211,15.8738098144531,15.8439903259277,15.9345197677612,..
Expected years of schooling,SE.SCH.LIFE,Portugal,PRT,..,..,..,..,..,..,..,..,..,..,..,..,..,..,..,16.3845996856689,16.2675399780273,16.3621997833252,16.4812793731689,16.6008701324463,16.6686096191406,16.8214092254639,..
Expected years of schooling,SE.SCH.LIFE,Puerto Rico,PRI,..,..,..,..,..,..,..,..,..,16.5455207824707,16.8832302093506,16.4965705871582,15.4843902587891,15.8314895629883,16.2071094512939,18.1389904022217,17.3193607330322,..,17.5544395446777,..,..,..,..
Expected years of schooling,SE.SCH.LIFE,Qatar,QAT,..,11.8255596160889,11.7392501831055,11.9089498519897,11.779580116272,11.8399000167847,11.7323799133301,11.873140335083,12.2256097793579,12.4029598236084,12.5494899749756,12.3277101516724,12.4870195388794,12.5227499008179,12.3589096069336,12.4894104003906,12.4566297531128,13.0006799697876,13.1323900222778,13.1977195739746,13.2642698287964,..,..
Expected years of schooling,SE.SCH.LIFE,Romania,ROU,12.2090997695923,12.3845195770264,12.8593502044678,12.9633798599243,13.0827503204346,13.0271100997925,13.7940397262573,13.9282598495483,15.4186000823975,16.6427307128906,16.1970291137695,15.5646600723267,14.689359664917,..,..,14.5821599960327,14.26296043396,14.2301902770996,14.3555498123169,14.41685962677,14.4655704498291,14.5075302124023,..
Expected years of schooling,SE.SCH.LIFE,Russian Federation,RUS,..,..,..,14.2897901535034,..,14.0812101364136,14.108380317688,14.2575998306274,14.2971000671387,14.0094003677368,..,14.6522998809814,14.6421499252319,14.7965097427368,14.8729000091553,15.1992502212524,15.1741504669189,14.8598699569702,15.5160598754883,15.524299621582,..,..,..
Expected years of schooling,SE.SCH.LIFE,Rwanda,RWA,6.47299003601074,6.96875,7.48343992233276,8.12386989593506,8.72723007202148,9.16590976715088,9.96700000762939,10.4038095474243,10.3622903823853,10.8391304016113,11.0383195877075,11.2082796096802,11.3453598022461,11.0546102523804,11.0291795730591,10.6366100311279,11.0656003952026,11.1116104125977,10.7869596481323,10.8539800643921,..,..,11.3835201263428
Expected years of schooling,SE.SCH.LIFE,Samoa,WSM,11.6097402572632,..,..,..,..,..,..,..,..,..,..,..,..,..,..,..,..,..,..,..,..,..,..
Expected years of schooling,SE.SCH.LIFE,San Marino,SMR,15.0898895263672,..,..,..,..,..,..,..,15.2190599441528,..,15.287260055542,15.1692399978638,15.0745000839233,..,..,..,..,..,11.8895301818848,12.0944595336914,12.4134101867676,12.4332399368286,12.4029598236084
Expected years of schooling,SE.SCH.LIFE,Sao Tome and Principe,STP,..,..,..,9.33133029937744,9.59817981719971,9.87613010406494,..,10.0568504333496,9.82878971099854,10.3083896636963,10.1784000396729,..,10.6147899627686,..,11.5864200592041,12.4100399017334,..,..,..,..,..,..,..
Expected years of schooling,SE.SCH.LIFE,Saudi Arabia,SAU,..,..,..,..,..,13.0936698913574,..,12.7068195343018,..,..,..,..,..,..,..,..,..,..,..,..,..,..,..
Expected years of schooling,SE.SCH.LIFE,Senegal,SEN,..,..,..,..,6.59554004669189,6.8749098777771,7.00158023834229,..,7.77619981765747,..,8.14120006561279,8.79938983917236,9.01725959777832,9.05595970153809,9.29314994812012,9.2905797958374,..,..,..,8.91300010681152,9.05348968505859,9.06791973114014,9.14455032348633
Expected years of schooling,SE.SCH.LIFE,Serbia,SRB,..,13.0947599411011,12.8826599121094,12.994460105896,13.0359497070312,13.2821502685547,13.3854503631592,13.4326295852661,13.5662899017334,13.6396503448486,13.5488195419312,13.5713996887207,14.1374502182007,14.2792701721191,14.3546600341797,14.5467596054077,14.6595096588135,14.8034496307373,14.7887496948242,14.7266302108765,14.4838800430298,14.4840898513794,14.5044403076172
Expected years of schooling,SE.SCH.LIFE,Seychelles,SYC,13.0225296020508,12.266300201416,12.3519897460938,12.1667499542236,11.6838397979736,12.3928003311157,11.0054998397827,12.5177402496338,12.5791797637939,12.5184602737427,12.4675798416138,11.0237398147583,12.4737701416016,12.5166997909546,13.3906898498535,13.4048595428467,13.3599796295166,13.2091903686523,13.4459104537964,13.4598197937012,13.2960395812988,13.8458204269409,13.8917903900146
Expected years of schooling,SE.SCH.LIFE,Sierra Leone,SLE,..,6.40029001235962,..,..,..,..,..,..,..,..,..,..,..,..,..,..,..,..,..,..,..,..,..
Expected years of schooling,SE.SCH.LIFE,Singapore,SGP,..,..,..,..,..,..,..,..,..,..,..,..,..,..,..,..,16.6390705108643,16.6764392852783,16.742000579834,16.7411994934082,16.7873592376709,16.9027309417725,..
Expected years of schooling,SE.SCH.LIFE,Sint Maarten (Dutch part),SXM,..,..,..,..,..,..,..,..,..,..,..,..,..,..,..,..,..,..,..,..,..,..,..
Expected years of schooling,SE.SCH.LIFE,Slovak Republic,SVK,13.4864501953125,13.4614295959473,13.7511196136475,14.0401201248169,14.2982301712036,14.579460144043,14.784460067749,15.0361099243164,15.1470403671265,15.2132596969604,15.2602996826172,15.2084903717041,15.158109664917,15.1194000244141,14.9819297790527,14.8499402999878,14.6724500656128,14.5999698638916,14.5414400100708,14.5240097045898,14.568920135498,14.721549987793,..
Expected years of schooling,SE.SCH.LIFE,Slovenia,SVN,14.977560043335,15.792010307312,16.2408790588379,16.6979007720947,16.3886604309082,16.7477798461914,16.8910903930664,16.9328899383545,17.0559597015381,16.9941902160645,17.0800495147705,16.935920715332,16.9504699707031,17.6833095550537,17.3462905883789,17.2717800140381,17.4575004577637,17.4726600646973,17.4442596435547,17.3251895904541,17.2622699737549,17.4065799713135,..
Expected years of schooling,SE.SCH.LIFE,Solomon Islands,SLB,6.39088010787964,..,7.72725009918213,..,..,8.25829982757568,8.84107971191406,9.032790184021,..,..,..,..,..,..,..,..,..,..,..,..,..,..,..
Expected years of schooling,SE.SCH.LIFE,Somalia,SOM,..,..,..,..,..,..,..,..,..,..,..,..,..,..,..,..,..,..,..,..,..,..,..
Expected years of schooling,SE.SCH.LIFE,South Africa,ZAF,..,..,..,..,..,..,..,..,..,..,..,..,13.5429201126099,..,14.2815999984741,14.6056098937988,14.2445201873779,14.2651100158691,14.0805397033691,14.2139301300049,13.9834995269775,14.2636499404907,..
Expected years of schooling,SE.SCH.LIFE,South Sudan,SSD,..,..,..,..,..,..,..,..,..,..,..,..,..,..,..,..,..,..,..,..,..,..,..
Expected years of schooling,SE.SCH.LIFE,Spain,ESP,15.8646697998047,15.9228496551514,15.9702196121216,15.8905296325684,15.9344396591187,15.9817399978638,15.9311304092407,15.9116401672363,15.873740196228,15.9591598510742,16.4028091430664,16.7514801025391,16.9898204803467,17.1638107299805,17.2853393554688,17.404239654541,17.4389896392822,17.4801292419434,17.519250869751,17.5008106231689,17.4695796966553,17.8090591430664,..
Expected years of schooling,SE.SCH.LIFE,Sri Lanka,LKA,..,..,..,..,..,..,..,..,..,..,13.2744598388672,13.2959003448486,13.2690095901489,13.4355697631836,..,..,13.3231201171875,13.3988304138184,13.5821504592896,..,..,..,..
Expected years of schooling,SE.SCH.LIFE,St. Kitts and Nevis,KNA,..,..,..,..,..,..,..,..,14.5863704681396,..,..,..,..,..,18.0620403289795,18.4070301055908,..,..,..,..,..,..,..
Expected years of schooling,SE.SCH.LIFE,St. Lucia,LCA,..,..,..,..,12.459810256958,12.7596502304077,13.1732997894287,12.9311504364014,13.4463796615601,13.5614500045776,13.2492799758911,13.5467300415039,13.0290203094482,12.5222101211548,12.9383602142334,13.7429599761963,14.2289896011353,13.8493099212646,13.7486896514893,12.7096900939941,12.6887197494507,..,12.7103204727173
Expected years of schooling,SE.SCH.LIFE,St. Martin (French part),MAF,..,..,..,..,..,..,..,..,..,..,..,..,..,..,..,..,..,..,..,..,..,..,..
Expected years of schooling,SE.SCH.LIFE,St. Vincent and the Grenadines,VCT,12.0724601745605,..,12.2951402664185,12.58899974823,12.6876096725464,..,..,..,..,..,..,..,..,..,14.8952903747559,15.0910701751709,..,..,..,..,..,..,..
Expected years of schooling,SE.SCH.LIFE,Sudan,SDN,..,5.47670984268188,5.5970401763916,5.7780499458313,6.15971994400024,6.34012985229492,6.64456987380981,6.60852003097534,7.16017007827759,7.38876008987427,7.41782999038696,7.15740013122559,7.52975988388062,7.82611989974976,7.87233018875122,7.93233013153076,..,..,..,..,..,..,..
Expected years of schooling,SE.SCH.LIFE,Suriname,SUR,..,..,11.1815204620361,..,..,..,..,..,..,..,..,..,..,..,..,..,..,..,..,..,..,10.9590997695923,..
Expected years of schooling,SE.SCH.LIFE,Sweden,SWE,18.6934299468994,18.6843891143799,18.5569000244141,18.5567493438721,16.0210704803467,16.0022506713867,15.9605102539062,15.8130102157593,15.7973699569702,15.7971801757812,15.9880504608154,15.8730001449585,15.9121904373169,18.1839809417725,18.0935192108154,18.3208808898926,18.4234199523926,18.864200592041,18.8951892852783,18.5223598480225,18.6520900726318,19.0367698669434,..
Expected years of schooling,SE.SCH.LIFE,Switzerland,CHE,15.0379695892334,15.0658397674561,14.9623498916626,15.1020202636719,15.1808300018311,15.2228603363037,15.3132495880127,15.4290599822998,15.4863796234131,15.516019821167,15.6798295974731,15.6731595993042,15.8280096054077,16.0237598419189,..,16.1556797027588,16.1342906951904,16.168399810791,16.2590503692627,16.3445796966553,16.4336605072021,16.5837306976318,..
Expected years of schooling,SE.SCH.LIFE,Syrian Arab Republic,SYR,..,..,10.1287202835083,10.4731798171997,10.8587303161621,11.3391704559326,11.5365896224976,11.5847501754761,11.6119499206543,11.7279796600342,11.8906698226929,12.0136003494263,12.2567701339722,8.39671993255615,..,..,..,..,..,..,..,..,..
Expected years of schooling,SE.SCH.LIFE,Tajikistan,TJK,9.62110996246338,9.73738956451416,9.9454402923584,10.3099403381348,10.4224500656128,10.6283502578735,10.7746000289917,10.75119972229,10.9967002868652,10.9805603027344,10.9627599716187,10.9127998352051,10.9127798080444,10.9398803710938,..,..,..,..,..,..,..,..,..
Expected years of schooling,SE.SCH.LIFE,Tanzania,TZA,..,..,..,..,..,..,..,..,..,..,9.35929012298584,..,..,..,..,7.91933012008667,7.66683006286621,7.96131992340088,..,8.70065021514893,9.06513977050781,8.5857400894165,..
Expected years of schooling,SE.SCH.LIFE,Thailand,THA,..,12.6955299377441,12.8907203674316,..,13.1605796813965,13.5812797546387,13.6553297042847,14.128270149231,14.0231304168701,14.0396604537964,13.9505195617676,14.16273021698,13.9904203414917,13.8656997680664,16.504940032959,..,16.3972797393799,..,..,..,15.5813102722168,..,..
Expected years of schooling,SE.SCH.LIFE,Timor-Leste,TLS,..,..,10.3496799468994,..,..,..,..,..,..,12.938159942627,13.1294002532959,..,..,..,..,..,..,..,..,..,..,..,..
Expected years of schooling,SE.SCH.LIFE,Togo,TGO,9.48349952697754,9.76346015930176,..,9.98064041137695,10.0743799209595,10.1163997650146,10.5058002471924,9.94299983978271,..,..,..,11.8120498657227,..,..,..,..,..,12.5683498382568,..,..,..,..,..
Expected years of schooling,SE.SCH.LIFE,Tonga,TON,12.8110198974609,13.0380697250366,13.1161098480225,13.9333600997925,..,..,..,..,..,..,..,..,..,..,..,..,..,..,..,..,16.2874908447266,..,..
Expected years of schooling,SE.SCH.LIFE,Trinidad and Tobago,TTO,..,..,..,..,11.8226203918457,..,..,..,..,..,..,..,..,..,..,..,..,..,..,..,..,..,..
Expected years of schooling,SE.SCH.LIFE,Tunisia,TUN,12.5347299575806,12.7681999206543,12.9030303955078,12.9983100891113,13.3390398025513,13.6255397796631,13.777979850769,13.875,13.9758701324463,13.9574604034424,14.0451898574829,14.1444597244263,..,14.1710596084595,14.0930004119873,14.1863298416138,14.4056701660156,..,..,..,..,..,..
Expected years of schooling,SE.SCH.LIFE,Turkiye,TUR,..,11.7344799041748,12.1073799133301,12.2265300750732,12.1072998046875,12.0309200286865,12.4519596099854,12.7023897171021,12.5402803421021,13.0550098419189,13.9501104354858,14.5002603530884,14.6732597351074,16.7964496612549,17.3170795440674,17.7883796691895,18.274829864502,18.6725597381592,18.9745597839355,19.185230255127,19.2953491210938,19.6849498748779,..
Expected years of schooling,SE.SCH.LIFE,Turkmenistan,TKM,..,..,..,..,..,..,..,..,..,..,..,..,..,..,..,..,..,..,..,12.134819984436,12.4420204162598,12.9195003509521,13.2405796051025
Expected years of schooling,SE.SCH.LIFE,Turks and Caicos Islands,TCA,..,..,..,..,..,..,..,..,..,..,..,..,..,..,..,10.3079795837402,..,..,..,..,..,..,13.4860801696777
Expected years of schooling,SE.SCH.LIFE,Tuvalu,TUV,..,10.978289604187,..,..,..,..,..,..,..,..,..,..,..,..,..,..,..,..,..,..,..,..,..
Expected years of schooling,SE.SCH.LIFE,Uganda,UGA,..,..,..,..,10.6403999328613,..,..,..,..,..,..,..,..,..,..,..,..,..,..,..,..,..,..
Expected years of schooling,SE.SCH.LIFE,Ukraine,UKR,12.7987604141235,13.5478000640869,13.9164400100708,14.2719202041626,14.2539100646973,14.5197601318359,14.7216997146606,14.9073295593262,15.0396995544434,15.0724000930786,15.0595598220825,15.03600025177,15.0590295791626,14.9281702041626,14.9297800064087,13.7706699371338,13.6358995437622,13.6756496429443,13.6428699493408,13.7124795913696,13.5879497528076,13.3280096054077,..
Expected years of schooling,SE.SCH.LIFE,United Arab Emirates,ARE,..,..,..,..,..,..,..,..,..,..,..,..,..,..,..,..,12.7395000457764,14.2121496200562,..,16.7566795349121,17.2081394195557,..,..
Expected years of schooling,SE.SCH.LIFE,United Kingdom,GBR,15.9955997467041,16.0330295562744,16.1258907318115,16.1083507537842,16.5546398162842,16.6131496429443,16.0327796936035,15.902759552002,16.0535202026367,16.2211799621582,16.4591293334961,15.7795295715332,15.6982402801514,17.6676406860352,17.501859664917,17.3081607818604,..,17.4117393493652,17.150520324707,17.1792507171631,17.1679801940918,17.6342906951904,..
Expected years of schooling,SE.SCH.LIFE,United States,USA,..,..,..,..,..,16.1081008911133,..,..,..,..,..,..,..,16.5688591003418,16.559549331665,16.596040725708,16.6729507446289,16.6716003417969,16.6428508758545,16.6355304718018,16.6266307830811,16.4127407073975,..
Expected years of schooling,SE.SCH.LIFE,Uruguay,URY,14.1673202514648,14.6806001663208,15.1346998214722,15.5457496643066,15.4883899688721,15.1100101470947,15.1613502502441,14.7896299362183,14.5389699935913,14.5989503860474,15.1523199081421,15.3734197616577,15.4978199005127,15.8408098220825,15.8882999420166,15.8863801956177,16.1406002044678,16.3359794616699,16.2691593170166,16.4578304290771,16.5159893035889,17.3518390655518,..
Expected years of schooling,SE.SCH.LIFE,Uzbekistan,UZB,10.7537298202515,..,..,11.4412403106689,11.4686098098755,11.5364599227905,11.5317001342773,11.6246795654297,11.4762096405029,11.529990196228,11.5583295822144,11.5737495422363,11.6786699295044,11.6646499633789,11.693510055542,11.7228097915649,11.8250102996826,11.9589099884033,12.1284599304199,12.3520498275757,12.0504703521729,11.9929103851318,..
Expected years of schooling,SE.SCH.LIFE,Vanuatu,VUT,9.33444023132324,9.40044975280762,9.54203987121582,9.91376972198486,9.90997982025146,..,..,..,..,..,..,..,..,..,..,..,..,..,..,..,..,..,..
Expected years of schooling,SE.SCH.LIFE,"Venezuela, RB",VEN,10.453049659729,..,11.6391000747681,11.6643199920654,11.8837203979492,..,..,..,14.0653495788574,14.1207304000854,..,..,..,..,..,..,..,..,..,..,..,..,..
Expected years of schooling,SE.SCH.LIFE,Viet Nam,VNM,..,..,..,..,..,..,..,..,..,..,..,..,..,..,..,..,..,..,..,..,..,..,..
Expected years of schooling,SE.SCH.LIFE,Virgin Islands (U.S.),VIR,..,..,..,..,..,..,..,..,..,..,..,..,..,..,..,..,..,..,..,..,..,..,..
Expected years of schooling,SE.SCH.LIFE,West Bank and Gaza,PSE,11.1000204086304,11.5980596542358,11.8965396881104,12.3075399398804,12.7262296676636,12.6711397171021,12.8358602523804,13.3696203231812,13.43274974823,13.38267993927,13.4994802474976,13.4464902877808,13.3998098373413,13.1826400756836,13.2017698287964,13.2394199371338,13.1901798248291,13.3168697357178,13.3188104629517,13.2956495285034,13.2427396774292,13.1750898361206,13.1547403335571
Expected years of schooling,SE.SCH.LIFE,"Yemen, Rep.",YEM,..,..,..,7.8569598197937,8.07511043548584,8.13391017913818,..,..,7.8685998916626,..,8.01825046539307,8.36857032775879,..,..,..,..,..,..,..,..,..,..,..
Expected years of schooling,SE.SCH.LIFE,Zambia,ZMB,..,..,..,..,..,..,..,..,..,..,..,..,..,..,..,..,..,..,..,..,..,..,..
Expected years of schooling,SE.SCH.LIFE,Zimbabwe,ZWE,10.4181604385376,10.9186401367188,10.5287103652954,10.2887697219849,..,..,..,..,..,..,..,..,10.9423503875732,10.8050804138184,..,..,..,..,..,..,..,..,..
,,,,,,,,,,,,,,,,,,,,,,,,,,
,,,,,,,,,,,,,,,,,,,,,,,,,,
,,,,,,,,,,,,,,,,,,,,,,,,,,
Data from database: Gender Statistics,,,,,,,,,,,,,,,,,,,,,,,,,,
Last Updated: 10/30/2023,,,,,,,,,,,,,,,,,,,,,,,,,,
